,1,2,3
G[C>A]G,4.0057561384354665,6.214036424097984,2.3318856355734785
A[C>T]G,3.6706232573599213,5.251164799348431,1.2652101658151131
C[C>T]A,0.41922756277202655,0.9264516990303407,0.08460078992118615
C[C>T]G,2.8612021751275543,4.427522493689848,1.43504919896065
T[C>A]A,1.3957694352821695,3.0915639993011292,1.5885136363495695
T[C>A]G,0.7638863606911751,1.4212460352223322,1.2328547614445937
C[C>A]C,0.35113059628506527,0.4571649274833312,0.2223535803898984
T[T>G]A,2.2456634977445407,1.8213756356790183,0.9411823549010875
A[C>T]C,3.8294905524995366,11.462645993569202,6.270228756730552
C[T>A]G,1.9808371652150278,5.1724678910992345,2.6116042832239357
G[T>C]G,2.988784362166759,21.491855580661767,6.933024434755929
G[C>G]C,2.2003446426269626,6.158381860175539,2.3840002086362704
G[T>A]G,5.458542502101142,2.8851550682191305,2.650645182698836
A[C>G]A,1.1581523030987004,4.298512394479592,1.6063847141329284
A[T>G]G,2.090149708828006,4.5352875964190265,1.8292960141944878
C[T>G]A,4.942768343026426,4.826611945798926,3.4620061188224796
A[T>A]A,7.822164914373843,8.472918566265776,5.177711984505164
C[T>C]C,3.0303492357478126,2.7492371354031926,1.8511150937037075
C[T>A]C,4.0299346808436125,4.571215071633282,3.623967909294554
A[C>T]T,6.149310049324732,6.5610549566090945,5.377618377200343
G[T>A]T,5.550244039007108,0.04269664945933193,6.966956698314125
A[T>G]C,0.8214014408398489,0.46972626673495954,1.153436263717738
G[C>A]T,1.8242102498532566,1.1785992325858878,0.9407524611245065
C[T>A]T,1.6885185901096604,0.4675485067635832,4.997078843130901
T[C>T]C,4.608477344419606,5.326637066077929,1.6311629475791767
T[T>C]G,1.480897154391519,3.384866427000953,1.2830312921810347
C[T>G]T,0.38617908267520396,0.6120919392971079,0.3793511329213458
C[C>T]C,3.349611915963485,3.8369938044931886,1.9523177543928663
G[C>A]A,0.8235941951432594,1.0897775859948213,0.5038261925079377
G[T>G]T,0.9326062285126494,1.0684545651638189,0.3294720928982277
A[C>A]C,0.2769134464789567,0.25285717009938086,0.015231490430185887
A[T>C]G,0.6694953777240855,1.6841347605151036,0.9731141635359108
T[T>G]G,3.3369125672424724,7.377892711489871,2.817061552253205
A[T>G]T,3.4757552560728247,7.587907300526756,2.1270631804124336
T[T>C]C,1.749275999629246,11.04828543961198,5.0217732339595464
T[C>T]G,5.977817487638409,8.503105596734773,3.0322199529505856
A[C>G]T,2.231039309712596,1.367610898430473,0.8776798218607922
C[C>T]T,0.9438245721965434,3.009893745662801,2.066001336911409
T[C>A]T,1.7690935298972639,2.5275128679708385,1.0577773903745304
C[T>C]T,0.7772225565888292,3.440266451998969,2.5095099527636866
G[C>T]C,3.698497327308092,2.349572070428503,2.340805413744262
G[T>G]G,2.377903426318418,3.36639347117286,3.1665171565388626
T[C>G]G,3.5968568364156166,2.5720796948507263,2.2629156124148335
T[C>G]A,3.6614633939759575,3.1546977642154848,8.168922362072614
A[C>A]G,2.6198611650954997,2.590661110213005e-05,4.224653695619204
A[T>C]A,0.21260319172097872,0.4707056721214323,2.3531247185735973
G[T>C]A,1.7154995516465137,0.6792527110478593,2.7405621987373876
T[C>T]T,1.343957554193377,0.02450276749049828,15.605099240489363
A[T>A]C,3.246670878689346,4.087678555286989,2.4937202177256697
A[T>G]A,1.9573928170562989,2.61008524625469,1.4903926729427004
T[T>C]A,0.5471726911802391,0.5047860816096114,0.28049488983024135
A[T>A]G,3.181015752863022,3.3351878802457358,1.6426495059215789
A[T>A]T,0.6315377870384845,1.3068581366834549,0.5369370874343311
T[C>T]A,0.863497678088295,1.176308827887009,0.5241647899082986
C[C>G]C,0.28491380858643794,0.32427019279305375,0.004443006474876655
T[T>G]C,1.2812437985214893,1.8077336883800788,1.5743697067115943
C[C>G]A,2.408681246742316,6.97118665930302,2.4354434841175614
G[T>A]C,2.434062682893601,7.692165967669503,2.9192530129512653
G[C>T]T,2.2715597580363798,15.57830197618044,5.722189603322446
C[T>C]A,3.9032360204365855,7.288220620619329,3.6167771067085326
A[T>C]C,0.7330567301394797,1.5871343527975936,1.0927807234378266
C[C>A]A,1.1253292856814308,1.5354518564306945,0.47284328288418315
A[C>A]T,0.5706788057667218,2.0295950975512813,1.3962431940336053
T[T>C]T,1.1040718691198155,2.2894024928592223,1.6175866976560755
A[C>T]A,3.611865528279664,3.4355975534119407,2.5406746729114316
T[C>G]T,1.6213855096834058,2.955985066239505,2.859280872783675
G[C>A]C,3.0035921933259337,2.781555239824091,1.9444055076468136
A[C>G]G,4.992513505282362,4.223195017584657,1.9646305416301584
C[C>G]T,0.8843294904356103,0.3066066036128951,1.663749763854085
C[C>G]G,0.33352340759144194,0.28916226989515464,1.329865014842205
T[C>A]C,0.26241118450285156,2.1425616034418686,1.563338321582796
G[C>G]G,0.4085820324349056,0.6487291590863299,5.721703266013651
G[C>T]G,6.221620476411045,2.5538834147567124,2.090486073265449
T[T>G]T,2.4659356974125073,3.1566442814555926,1.3138461882878885
G[T>C]T,0.41813652249344274,0.6597902918999097,0.1854339883647935
G[T>G]C,9.62291858972864,3.3605147288427015,3.3504912665409274
T[T>A]A,0.7512672953430697,1.4498786561988606,0.9137469159253725
T[C>G]C,0.6189853502193023,1.5021116347087033,1.0080707766919255
G[C>G]T,0.2859662524067984,0.27806104351582395,0.03421734417696778
C[T>G]C,0.9943040108935205,4.227020862509945,2.024792295846848
G[T>A]A,3.360081281922552,6.018186704030903,2.154768418691296
G[C>T]A,2.8392676227138436,7.924017211072007,2.970952523437128
G[C>G]A,1.4226574087225723,8.209995105593194,3.0022803489841543
C[C>A]T,3.383720115958772,7.82748510744211,4.243283769124306
C[T>A]A,5.101036129949939,3.220100487465521,4.0541470021985795
C[T>G]G,0.8869180893067053,2.04524272201802,0.7482375391468977
A[T>C]T,3.179065110381034,1.1485500223279725,1.999598057064895
G[T>C]C,3.6997472976092487,3.9542833661591974,3.6684173636828836
A[C>G]C,4.398956275943418,3.9676399177786474,3.1295667981822866
C[T>C]G,3.0391031562537845,3.6510397985180836,3.6867537054849633
T[T>A]C,1.9627076404128114,2.677380225419718,1.8709766694934498
C[C>A]G,7.939154674592697,4.150434560593427,5.441951102823156
T[T>A]T,5.2366762538576,1.7440706971074913e-06,11.412489925403742
G[T>G]A,1.036164237593057,0.667307513866497,1.6624570037608688
T[T>A]G,2.313156388152125,1.246058768471976,1.8706409763236023
A[C>A]A
,4.928458285997108,1.259989764933983,12.168485520534597
