	A[C>A]A	A[C>A]C	A[C>A]G	A[C>A]T	A[C>G]A	A[C>G]C	A[C>G]G	A[C>G]T	A[C>T]A	A[C>T]C	A[C>T]G	A[C>T]T	A[T>A]A	A[T>A]C	A[T>A]G	A[T>A]T	A[T>C]A	A[T>C]C	A[T>C]G	A[T>C]T	A[T>G]A	A[T>G]C	A[T>G]G	A[T>G]T	C[C>A]A	C[C>A]C	C[C>A]G	C[C>A]T	C[C>G]A	C[C>G]C	C[C>G]G	C[C>G]T	C[C>T]A	C[C>T]C	C[C>T]G	C[C>T]T	C[T>A]A	C[T>A]C	C[T>A]G	C[T>A]T	C[T>C]A	C[T>C]C	C[T>C]G	C[T>C]T	C[T>G]A	C[T>G]C	C[T>G]G	C[T>G]T	G[C>A]A	G[C>A]C	G[C>A]G	G[C>A]T	G[C>G]A	G[C>G]C	G[C>G]G	G[C>G]T	G[C>T]A	G[C>T]C	G[C>T]G	G[C>T]T	G[T>A]A	G[T>A]C	G[T>A]G	G[T>A]T	G[T>C]A	G[T>C]C	G[T>C]G	G[T>C]T	G[T>G]A	G[T>G]C	G[T>G]G	G[T>G]T	T[C>A]A	T[C>A]C	T[C>A]G	T[C>A]T	T[C>G]A	T[C>G]C	T[C>G]G	T[C>G]T	T[C>T]A	T[C>T]C	T[C>T]G	T[C>T]T	T[T>A]A	T[T>A]C	T[T>A]G	T[T>A]T	T[T>C]A	T[T>C]C	T[T>C]G	T[T>C]T	T[T>G]A	T[T>G]C	T[T>G]G	T[T>G]T
CLL-CW114-Tumor-SM-4CQKE	50	28	8	31	24	7	3	9	62	41	92	43	42	28	32	37	71	25	43	58	42	7	14	19	52	18	4	47	8	8	3	10	52	56	51	97	18	12	8	21	32	22	35	40	22	10	21	47	39	21	1	39	9	9	3	12	54	51	69	60	8	12	7	20	32	34	26	30	9	5	4	23	30	26	2	57	8	10	2	23	28	37	50	42	50	11	24	38	43	29	24	68	72	13	15	77
CLL-CW119-Tumor-SM-4CQKK	33	42	8	33	19	9	3	20	73	32	110	36	59	29	34	65	99	42	49	91	97	9	21	31	34	22	8	30	8	7	4	13	41	36	52	58	22	25	22	24	37	35	34	71	50	18	30	89	41	26	2	40	6	7	1	18	31	35	96	59	17	11	17	26	39	40	41	40	14	8	11	40	52	29	2	76	18	11	2	29	37	45	46	61	72	15	46	57	49	45	37	91	140	19	30	140
CLL-CW126-Tumor-SM-4MERW	37	34	3	28	21	17	8	14	99	28	92	38	37	28	22	47	67	25	45	71	54	9	11	24	53	24	6	29	10	7	4	11	45	43	68	57	9	25	25	17	44	18	36	55	28	7	22	68	32	23	4	33	12	11	1	22	36	34	87	42	7	12	10	22	33	23	26	39	14	5	7	19	33	17	4	52	8	7	0	19	36	43	52	45	58	9	20	44	42	41	22	76	96	15	17	61
CLL-CW127-Tumor-SM-4CQKG	70	45	5	45	37	16	5	32	95	49	146	64	57	42	46	74	113	43	71	87	46	15	22	23	76	28	5	55	12	16	4	9	75	55	70	84	32	33	28	43	45	52	47	58	30	12	21	63	58	30	7	42	13	20	6	22	59	65	110	77	12	13	23	24	58	26	36	68	16	9	24	29	76	38	7	109	22	18	6	37	55	54	45	71	62	23	32	51	56	56	35	94	76	17	37	82
CLL-CW176-Tumor-SM-19DWL	56	69	11	52	33	8	5	15	98	27	180	56	25	36	41	53	65	24	45	59	15	5	16	12	52	34	6	38	10	12	2	14	42	47	91	78	18	25	27	36	18	28	20	29	3	5	12	15	33	28	3	37	12	11	4	18	51	46	122	68	14	8	17	21	30	20	22	38	2	3	10	10	24	37	8	41	17	13	1	30	43	61	66	59	33	19	15	30	47	37	20	31	8	5	19	21
CLL-JB-0003-Tumor-SM-41QJR	35	29	8	26	10	14	1	11	80	30	142	36	25	24	24	26	57	18	24	38	7	1	5	5	16	13	4	20	6	2	1	6	43	42	81	29	7	20	12	25	15	21	10	30	0	1	5	9	21	15	4	20	5	7	1	10	47	43	90	23	7	8	14	12	20	14	15	30	0	1	35	8	15	20	4	27	12	9	3	32	44	53	56	64	31	10	7	22	18	21	18	26	7	4	6	19
CLL-JB-0004-Tumor-SM-41QJS	48	37	7	40	15	6	3	16	84	49	167	50	24	30	31	37	65	10	45	59	12	5	11	7	31	23	2	14	10	11	1	16	55	63	70	57	17	18	13	26	15	24	20	25	2	3	9	9	31	15	5	22	6	6	0	9	50	60	137	50	6	7	17	18	28	25	17	35	7	2	17	8	35	20	3	30	13	8	1	26	54	64	56	51	18	9	10	29	30	26	17	34	12	9	9	19
CLL-JB-0005-Tumor-SM-41QJT	26	24	3	22	24	12	3	15	64	30	127	27	18	14	17	25	51	16	22	50	6	8	7	3	23	11	4	15	10	8	0	10	35	26	60	32	6	13	6	15	16	22	16	26	3	3	2	7	20	14	3	18	7	10	0	9	43	42	88	36	10	9	9	9	25	19	23	23	2	1	17	8	18	21	2	20	9	11	0	28	33	57	43	35	27	10	8	22	15	20	19	24	3	9	8	14
CLL-JB-0006-Tumor-SM-41QJU	73	51	7	41	34	13	2	20	110	60	198	70	30	38	59	58	88	31	46	66	11	6	14	11	71	39	5	32	12	11	4	20	66	76	96	96	14	27	35	36	27	31	38	28	6	11	11	14	52	25	5	40	19	10	3	16	69	82	148	67	23	17	16	23	37	33	36	33	9	8	23	9	29	33	8	45	14	15	4	41	55	67	71	78	42	22	14	47	49	50	28	56	10	9	20	22
CLL-JB-0007-Tumor-SM-41QJV	31	13	2	18	21	18	3	15	79	32	84	18	47	18	24	47	76	15	52	54	92	15	18	48	17	16	5	17	5	6	0	7	29	33	56	43	9	22	12	30	31	30	29	70	55	18	38	137	18	17	5	17	6	9	1	21	31	34	60	44	10	5	13	21	32	31	27	29	23	16	27	69	23	12	4	41	8	6	0	22	25	33	39	61	63	7	22	43	34	56	21	58	125	18	27	121
CLL-JB-0008-Tumor-SM-41QJW	66	53	2	43	33	18	9	28	111	55	135	56	69	31	55	69	107	31	81	108	76	16	20	47	78	21	6	46	13	11	5	24	70	86	61	89	30	27	19	27	42	39	40	78	37	13	25	97	84	34	9	58	15	17	3	30	66	76	102	67	17	19	21	24	63	39	59	80	12	10	12	50	91	63	8	140	17	19	3	40	66	85	47	82	66	16	32	52	64	56	37	107	93	17	34	96
CLL-JB-0009-Tumor-SM-4MERT	35	33	3	26	13	12	1	29	62	26	67	25	42	16	21	35	89	34	43	70	61	11	18	46	29	18	6	23	10	9	1	7	33	38	45	57	22	18	18	16	32	30	38	67	32	11	22	82	23	21	5	17	10	6	3	11	29	32	54	34	10	6	8	9	36	24	24	38	9	4	3	31	44	15	0	62	14	7	3	11	35	27	31	42	54	12	19	35	32	42	22	79	69	13	17	60
CLL-JB-0010-Tumor-SM-41QJY	52	41	8	41	20	19	4	30	84	40	113	45	79	27	32	71	107	40	60	86	88	9	20	43	53	20	5	42	11	7	1	16	57	51	75	72	20	20	22	22	45	46	54	89	31	13	31	103	44	32	5	46	7	12	3	25	45	51	79	74	19	14	16	22	34	31	37	54	18	12	18	28	63	32	5	112	19	11	3	21	52	66	41	67	63	18	42	62	69	50	30	107	117	30	28	114
CLL-JB-0011-Tumor-SM-41QJZ	32	31	5	24	16	9	2	20	67	34	77	32	28	18	28	30	50	23	22	37	9	5	7	3	30	30	1	23	8	5	0	6	43	43	58	48	12	27	20	23	24	35	17	32	4	4	6	12	30	15	3	17	7	9	1	15	37	42	71	44	8	16	14	17	35	18	19	36	5	2	11	9	16	20	7	40	7	18	2	30	27	38	47	60	24	11	10	22	32	25	20	39	8	4	13	18
CLL-JB-0012-Tumor-SM-41QK1	52	50	6	39	33	9	6	10	104	46	174	37	33	43	40	47	86	25	48	56	8	5	14	8	50	32	7	45	13	4	2	14	67	55	104	76	20	21	16	30	26	32	36	35	11	3	12	22	38	28	5	29	9	8	0	26	55	64	137	67	21	16	14	18	38	35	26	35	2	3	14	8	22	29	5	36	12	13	3	30	49	58	57	80	37	23	21	47	49	31	22	61	6	8	13	27
CLL-JB-0013-Tumor-SM-41QK2	43	35	5	37	19	8	3	14	95	39	106	46	37	22	17	53	76	24	44	71	61	13	17	43	42	22	4	34	10	12	2	14	55	49	73	52	15	17	17	24	26	41	35	80	38	12	23	89	41	27	7	32	7	6	4	17	49	57	62	62	11	16	9	15	29	21	28	44	16	10	15	32	47	29	6	82	12	22	0	28	64	51	34	69	40	18	30	51	46	46	21	82	86	13	22	110
CLL-JB-0014-Tumor-SM-41QK3	92	95	12	59	39	26	9	36	108	68	187	64	76	40	57	91	132	55	53	94	98	15	24	48	66	42	10	65	16	19	2	23	91	80	104	109	32	45	37	45	54	42	44	90	51	25	34	96	41	35	16	46	16	19	2	22	88	80	143	101	22	22	28	26	63	43	45	72	16	8	33	32	68	46	10	109	17	20	4	50	57	85	73	79	78	26	54	89	75	65	43	77	143	20	44	109
CLL-JB-0016-Tumor-SM-41QK5	60	54	7	47	29	24	5	19	84	34	104	54	58	43	44	70	112	39	70	109	62	8	28	32	53	31	6	44	12	8	4	18	68	58	60	105	28	22	38	42	41	49	38	86	34	12	32	84	44	28	5	31	12	8	1	26	44	60	77	57	16	19	19	36	60	53	34	62	16	15	16	23	59	31	9	76	10	11	4	29	63	61	51	72	68	12	38	63	58	42	24	85	91	13	24	97
CLL-JB-0017-Tumor-SM-41QK6	50	27	3	24	23	8	4	13	79	34	111	27	41	15	29	42	84	27	49	61	35	10	10	23	50	16	3	33	8	12	2	4	57	49	71	51	10	15	18	13	18	25	24	32	16	5	17	31	28	17	4	25	6	3	4	17	34	41	88	36	13	8	16	15	31	23	23	33	5	3	15	18	24	18	3	51	5	6	2	27	33	47	65	49	35	10	14	37	42	29	16	67	37	7	12	55
CLL-JB-0018-Tumor-SM-41QK8	65	48	3	39	34	26	5	27	129	65	167	67	57	37	47	79	111	55	71	124	123	24	19	98	53	32	7	59	14	9	1	24	77	53	116	77	30	49	26	55	47	83	53	179	66	57	44	333	74	35	8	46	15	13	1	30	65	75	139	85	29	16	33	30	65	58	41	60	26	21	31	127	67	44	5	100	24	30	3	49	56	78	65	91	73	22	43	75	82	69	44	127	188	32	42	225
CLL-JB-0023-Tumor-SM-41QKD	31	20	3	15	14	4	0	17	49	11	66	17	20	7	12	36	50	19	22	46	32	7	8	13	23	17	5	20	5	6	0	7	17	22	35	32	9	16	8	8	27	22	24	36	26	7	15	29	20	6	6	20	4	6	0	8	17	24	59	40	4	4	7	12	19	11	19	19	13	7	10	9	31	10	3	38	1	6	0	8	22	30	26	29	32	5	16	24	22	24	12	51	41	5	13	38
CLL-JB-0024-Tumor-SM-41QKE	42	25	4	22	17	9	2	10	55	21	84	27	20	14	25	27	59	15	28	57	25	8	9	19	27	21	4	30	9	6	1	13	34	35	56	49	4	22	21	25	18	21	23	32	17	6	5	23	30	14	2	22	7	8	1	19	32	36	49	53	8	4	12	7	19	17	24	33	7	10	11	12	24	25	3	27	7	13	3	18	31	37	36	31	21	7	18	29	28	35	8	42	29	13	9	42
CLL-JB-0025-Tumor-SM-41QKF	39	43	9	34	22	10	6	21	87	32	176	51	30	25	33	54	75	30	32	43	13	3	20	13	39	32	8	33	4	5	3	13	48	49	83	59	10	29	18	27	22	26	24	50	7	10	10	15	33	29	4	33	9	11	4	24	42	58	120	70	18	14	15	21	23	24	19	38	3	0	15	17	35	26	5	34	12	7	4	31	49	55	63	58	34	17	15	31	43	41	25	39	18	3	12	38
CLL-JB-0026-Tumor-SM-41QKG	65	43	4	33	27	17	5	15	108	56	135	39	43	28	36	60	101	33	57	70	51	13	13	26	45	34	6	42	9	9	1	15	54	54	88	97	17	21	27	31	39	50	34	56	37	14	13	43	47	28	6	34	14	13	4	19	53	57	82	69	24	16	17	17	40	33	38	65	11	10	25	18	51	26	8	54	8	10	2	38	61	67	58	84	54	9	22	43	57	40	30	71	50	16	24	61
CLL-JB-0029-Tumor-SM-41QKJ	34	20	2	26	23	3	2	12	58	17	83	20	26	13	20	36	57	14	34	40	22	5	8	21	39	15	3	24	4	7	1	7	31	41	53	45	11	14	15	17	39	30	21	50	23	6	22	54	25	18	1	20	4	6	1	12	18	21	71	26	4	7	13	9	24	20	24	20	11	6	6	11	29	9	4	46	4	5	3	21	32	31	31	37	33	9	15	30	29	24	21	45	39	7	14	63
CLL-JB-0030-Tumor-SM-41QKK	48	43	6	44	26	13	4	18	77	37	134	37	34	38	37	49	65	24	42	75	28	5	17	14	44	31	3	43	11	13	2	13	62	66	62	81	12	28	31	24	31	35	38	39	12	9	12	56	28	20	6	24	10	11	4	16	55	49	112	65	12	14	22	24	41	30	22	40	6	10	15	12	29	19	7	47	12	17	3	38	49	64	48	74	40	18	15	33	40	40	24	51	25	6	20	29
CLL-JB-0031-Tumor-SM-41QKL	23	22	1	6	6	6	1	5	33	11	89	15	10	6	10	12	26	8	11	26	6	2	5	2	10	7	3	11	0	2	1	3	29	29	42	22	4	14	6	5	3	7	14	10	1	1	2	1	9	11	2	10	5	3	1	3	34	24	63	18	4	4	3	6	14	8	8	12	1	1	2	4	10	11	2	17	7	2	0	7	11	27	31	30	12	7	4	15	12	17	9	16	0	2	5	7
CLL-JB-0032-Tumor-SM-41QKM	26	18	2	14	15	4	4	10	55	21	65	37	13	15	16	14	47	16	34	30	11	5	2	12	29	9	5	19	4	3	2	8	41	31	35	52	8	11	10	10	17	10	11	24	10	7	4	33	21	16	1	13	7	6	1	10	30	39	39	43	7	5	13	17	21	14	20	16	3	4	8	12	15	13	1	23	7	1	0	17	25	30	27	36	21	4	11	17	12	8	13	28	11	5	5	31
CLL-JB-0072-Tumor-SM-4CQKI	26	18	5	9	11	10	1	9	45	18	90	28	15	20	17	16	31	10	20	24	6	1	4	2	14	15	3	15	2	5	2	9	39	38	53	31	2	14	12	14	11	16	11	17	1	1	5	3	20	10	4	19	6	3	4	3	31	25	49	45	3	3	4	7	9	10	14	19	2	1	5	1	7	6	1	14	2	5	1	11	27	34	34	39	17	8	8	15	25	16	9	23	3	6	5	5
CLL-JB-0073-Tumor-SM-4CQKJ	74	60	16	67	32	23	5	28	145	75	291	83	49	83	61	71	131	51	66	101	13	6	13	16	85	33	9	56	14	18	4	24	97	121	139	132	23	35	31	39	38	51	28	48	7	10	13	21	56	31	6	42	17	17	7	20	81	118	220	91	19	26	29	33	36	42	40	67	8	5	19	13	49	45	7	58	23	22	4	54	92	109	115	82	36	36	16	69	35	42	45	63	17	9	17	31
