 	G[C>A]G	A[C>T]G	C[C>T]A	C[C>T]G	T[C>A]A	T[C>A]G	C[C>A]C	T[T>G]A	A[C>T]C	C[T>A]G	G[T>C]G	G[C>G]C	G[T>A]G	A[C>G]A	A[T>G]G	C[T>G]A	A[T>A]A	C[T>C]C	C[T>A]C	A[C>T]T	G[T>A]T	A[T>G]C	G[C>A]T	C[T>A]T	T[C>T]C	T[T>C]G	C[T>G]T	C[C>T]C	G[C>A]A	G[T>G]T	A[C>A]C	A[T>C]G	T[T>G]G	A[T>G]T	T[T>C]C	T[C>T]G	A[C>G]T	C[C>T]T	T[C>A]T	C[T>C]T	G[C>T]C	G[T>G]G	T[C>G]G	T[C>G]A	A[C>A]G	A[T>C]A	G[T>C]A	T[C>T]T	A[T>A]C	A[T>G]A	T[T>C]A	A[T>A]G	A[T>A]T	T[C>T]A	C[C>G]C	T[T>G]C	C[C>G]A	G[T>A]C	G[C>T]T	C[T>C]A	A[T>C]C	C[C>A]A	A[C>A]T	T[T>C]T	A[C>T]A	T[C>G]T	G[C>A]C	A[C>G]G	C[C>G]T	C[C>G]G	T[C>A]C	G[C>G]G	G[C>T]G	T[T>G]T	G[T>C]T	G[T>G]C	T[T>A]A	T[C>G]C	G[C>G]T	C[T>G]C	G[T>A]A	G[C>T]A	G[C>G]A	C[C>A]T	C[T>A]A	C[T>G]G	A[T>C]T	G[T>C]C	A[C>G]C	C[T>C]G	T[T>A]C	C[C>A]G	T[T>A]T	G[T>G]A	T[T>A]G	A[C>A]A
Sample-1	1	91	48	50	28	2	18	70	39	5	24	7	7	22	13	21	36	22	11	42	20	6	37	21	36	21	46	53	39	22	28	39	14	17	25	50	9	92	54	38	48	4	2	8	8	62	29	36	25	40	40	30	34	25	6	12	8	12	49	25	24	51	31	54	55	21	18	3	9	3	24	2	67	76	28	5	48	9	5	9	7	52	7	45	16	18	51	34	7	33	10	4	35	8	24	48
Sample-2	2	110	40	52	51	2	19	136	31	22	38	7	16	19	19	49	51	34	23	34	26	8	38	21	43	32	89	34	40	36	40	46	28	29	41	44	18	56	73	65	34	9	0	17	7	89	38	55	28	89	44	30	59	35	7	19	7	10	55	36	42	32	33	73	69	27	25	3	12	3	27	1	95	128	36	8	65	11	8	16	13	30	6	30	20	27	80	37	9	31	13	8	50	10	43	30
Sample-3	4	92	43	66	31	4	24	92	26	23	22	11	9	21	10	28	31	16	23	37	20	8	30	17	38	22	65	40	31	18	31	39	17	20	40	52	12	54	52	52	31	6	0	7	3	57	33	43	28	49	40	20	43	34	7	14	10	11	36	41	25	49	26	66	93	16	22	6	10	4	16	1	86	57	36	5	52	6	13	7	6	32	10	28	9	21	66	21	15	31	9	4	41	9	20	37
Sample-4	7	145	71	70	76	7	26	70	48	27	34	16	22	33	20	30	55	51	33	62	22	14	39	41	51	31	61	52	56	27	45	67	34	20	55	44	31	80	108	53	59	20	6	22	5	108	56	64	38	41	54	42	71	51	15	17	12	11	59	41	41	74	44	81	92	33	27	5	8	4	37	5	106	80	61	9	58	17	15	9	11	50	12	50	28	21	82	25	15	42	22	5	49	14	32	66
Sample-5	3	179	42	91	23	8	31	8	27	26	22	10	17	32	15	3	25	28	25	56	21	5	34	35	59	19	15	46	31	10	68	44	17	11	37	66	15	77	41	27	45	10	1	17	11	64	30	58	36	15	46	40	53	41	12	5	10	8	60	18	24	51	52	29	94	25	25	5	13	2	36	4	122	20	38	3	32	13	15	5	14	48	12	36	17	12	59	20	6	20	18	5	30	2	15	56
Sample-6	4	141	41	81	14	3	13	7	27	12	15	7	14	9	5	0	24	20	19	34	11	1	20	24	53	18	8	42	19	8	29	24	6	4	21	56	10	28	24	29	43	35	3	12	8	50	19	63	24	6	17	24	26	44	1	4	6	8	23	15	17	15	24	25	74	29	15	1	6	1	20	1	88	18	29	1	29	8	9	1	7	45	5	20	7	5	37	14	14	10	9	4	22	0	7	33
Sample-7	5	167	53	69	35	3	21	12	48	12	15	6	16	15	10	2	21	23	18	49	18	5	21	26	63	16	9	62	30	8	36	43	9	7	26	55	16	55	30	24	58	15	1	13	5	63	28	49	29	10	29	30	37	53	11	9	10	7	50	15	10	31	40	34	82	24	15	2	15	1	19	0	137	18	34	2	18	6	9	3	6	50	5	14	16	8	59	24	4	19	9	2	29	5	10	47
Sample-8	3	122	30	56	17	2	8	2	27	4	21	9	9	23	7	3	17	20	13	23	9	7	18	15	56	16	5	24	17	7	21	20	8	3	19	41	14	27	19	25	40	17	0	8	3	48	22	34	14	5	13	15	23	31	7	7	9	9	33	15	16	21	21	23	59	28	13	2	8	0	19	0	88	12	22	1	25	11	7	3	10	41	7	15	6	2	46	18	11	16	10	3	22	1	8	24
Sample-9	5	193	66	95	28	7	37	10	57	33	34	9	15	32	13	6	25	30	26	64	22	6	37	35	67	27	13	72	49	9	47	44	18	10	46	68	18	93	45	25	77	22	4	13	7	81	37	73	38	10	48	56	57	54	11	8	12	17	60	24	30	66	40	52	109	40	24	2	19	4	33	3	146	21	31	8	37	14	10	10	23	68	19	30	14	11	65	32	11	35	22	2	44	9	13	70
Sample-10	4	83	26	54	22	4	15	118	29	11	26	6	13	20	17	53	41	24	18	18	21	11	15	26	31	17	135	29	16	62	12	49	26	45	48	38	15	38	38	61	32	27	0	7	2	64	29	58	18	82	29	21	43	24	5	16	4	5	34	25	15	16	16	50	75	19	13	3	6	0	12	0	60	115	24	16	55	3	12	13	6	26	4	16	8	35	47	27	16	24	5	5	38	18	20	30
Sample-11	9	134	66	61	90	8	21	88	51	17	56	15	18	29	17	37	50	36	25	51	22	11	56	25	83	34	94	81	83	45	49	72	31	45	51	43	24	85	138	72	73	11	3	16	2	90	57	73	29	65	54	52	65	64	10	16	13	18	61	38	29	75	41	92	107	36	31	9	22	5	62	3	100	86	73	9	57	16	21	12	14	59	14	45	26	23	90	35	17	36	15	6	45	9	27	63
Sample-12	5	67	31	45	44	0	15	66	22	16	22	2	8	10	16	30	31	30	15	21	9	7	16	14	27	22	78	37	21	26	30	39	16	41	37	29	27	55	61	61	27	3	3	14	3	81	31	38	16	54	28	16	30	34	8	12	9	6	28	26	30	28	23	72	61	11	20	1	5	0	14	2	54	56	33	4	48	5	7	9	7	24	9	22	18	21	64	22	8	33	10	6	31	7	18	34
Sample-13	5	111	56	74	62	5	20	110	36	18	34	12	15	17	16	29	55	41	20	37	21	7	44	21	62	27	101	46	43	27	40	53	27	39	45	40	25	69	111	79	41	17	2	19	7	93	30	59	24	80	52	25	65	45	6	28	10	13	56	38	37	51	40	93	78	20	28	4	15	1	31	3	78	108	47	12	57	9	13	12	16	41	6	41	18	30	69	30	17	50	15	3	58	15	40	50
Sample-14	3	75	43	57	15	6	28	7	31	19	18	9	13	16	6	4	26	34	26	31	15	4	16	23	37	20	12	41	28	9	28	22	10	2	25	47	18	48	40	32	37	11	2	6	5	50	34	57	17	9	29	28	30	25	5	4	8	15	34	22	23	30	24	37	65	27	15	2	6	0	19	0	71	15	33	2	21	18	10	4	8	33	7	23	12	6	37	18	8	17	11	0	22	5	8	30
Sample-15	5	174	65	101	20	5	29	6	42	15	25	6	14	31	14	10	33	30	20	37	16	4	26	28	56	21	21	52	36	7	50	47	12	6	30	56	9	75	36	33	61	13	3	11	5	84	38	77	42	8	47	40	45	47	4	8	13	15	56	25	23	49	37	57	102	28	27	6	9	2	26	0	136	26	35	3	35	12	12	3	21	48	7	45	19	12	53	35	9	34	23	7	47	2	20	51
Sample-16	7	105	52	69	45	4	21	82	38	15	25	5	8	17	15	37	31	38	17	40	14	13	32	23	48	20	87	45	41	32	35	42	22	41	43	33	14	49	79	76	56	15	0	10	5	66	26	64	21	56	39	16	48	57	10	12	9	12	45	22	22	40	36	73	88	20	23	3	11	2	26	4	58	106	38	9	38	19	8	10	9	46	7	33	15	19	63	21	7	31	15	4	49	14	29	42
Sample-17	16	185	86	103	65	9	41	134	67	33	42	18	26	37	22	49	68	40	45	55	24	14	44	40	83	42	93	76	40	31	91	50	43	43	59	73	33	106	105	82	76	29	4	17	12	125	61	68	40	89	71	52	87	55	18	18	16	22	94	47	52	63	55	64	104	44	34	9	21	2	45	1	140	101	71	7	72	18	17	20	18	85	16	64	28	27	85	39	23	38	25	9	84	15	49	86
Sample-18	5	104	67	59	59	9	30	90	32	38	32	8	17	28	27	34	48	46	19	52	33	8	31	39	59	21	83	57	44	22	49	68	21	31	41	51	18	103	76	82	58	16	4	10	7	102	54	64	42	59	50	42	63	60	7	13	12	17	51	35	38	51	46	73	83	27	27	5	14	4	30	1	75	93	58	14	66	10	20	11	14	40	11	43	25	30	94	47	22	35	12	6	60	15	37	57
Sample-19	3	111	55	70	22	3	14	34	30	16	23	1	14	23	9	14	35	24	14	24	15	9	23	11	45	15	30	48	28	17	24	45	12	20	28	64	11	49	49	31	35	13	2	5	3	77	27	49	15	33	36	26	40	30	9	7	8	8	33	15	25	45	23	61	76	25	16	4	4	2	18	4	87	52	31	3	29	3	10	4	10	33	4	31	10	13	52	23	7	18	10	3	33	5	13	49
Sample-20	8	166	76	114	67	5	29	174	58	24	36	9	29	32	14	63	40	73	46	63	28	22	43	52	75	38	325	49	68	119	46	65	36	94	61	63	24	68	97	167	69	28	3	23	3	98	63	86	37	110	73	44	73	53	9	28	12	15	66	43	50	49	37	114	122	44	34	4	20	1	35	1	138	210	53	20	65	26	15	55	23	62	12	55	25	40	103	53	25	48	22	5	69	22	39	62
Sample-21	5	64	15	31	30	3	17	38	11	7	16	5	7	11	8	26	14	18	13	17	10	6	18	7	28	9	28	20	20	9	18	21	12	12	22	26	14	30	37	34	22	9	0	1	2	41	16	26	6	29	19	9	33	20	5	5	5	4	28	23	19	21	15	42	49	7	6	0	5	0	10	0	58	36	17	7	29	2	4	5	4	16	2	20	8	15	37	11	4	20	2	5	21	11	15	30
Sample-22	2	79	34	56	23	2	20	28	21	19	21	7	12	16	7	16	18	16	21	26	7	8	20	25	36	7	22	34	29	12	24	25	9	17	34	36	9	45	27	31	31	10	3	7	4	53	18	29	13	21	22	24	27	30	6	12	8	4	44	15	14	26	22	35	54	15	13	2	13	1	24	1	48	40	31	9	19	13	11	4	6	29	6	27	4	4	56	16	8	19	7	4	28	7	16	39
Sample-23	4	176	48	82	33	5	30	17	27	18	19	11	13	22	18	7	27	26	28	50	20	3	30	25	52	25	15	47	31	16	42	31	12	10	40	63	18	56	33	39	47	15	4	12	9	71	22	57	23	11	43	32	52	48	5	3	3	11	54	19	29	36	33	36	82	24	29	6	13	3	24	4	120	36	33	0	31	7	12	10	18	36	8	32	10	10	41	23	9	23	16	8	29	3	14	38
Sample-24	5	133	51	86	49	8	32	49	54	27	35	11	13	27	13	35	38	42	19	36	13	11	28	29	64	28	42	53	44	16	41	54	24	22	38	56	14	94	52	50	53	23	2	8	4	97	34	79	27	43	49	33	56	59	9	16	7	16	63	34	32	45	32	62	107	36	27	4	13	0	24	4	80	56	60	8	49	8	16	12	22	51	11	40	13	12	57	28	16	32	8	5	38	10	20	58
Sample-25	1	82	30	53	28	4	14	38	14	13	20	6	12	21	6	22	22	27	13	19	8	3	20	15	26	19	51	39	25	11	20	32	11	19	19	31	8	44	46	43	19	6	3	4	2	54	22	34	11	20	25	19	35	31	6	7	2	7	21	36	12	39	26	42	55	19	17	2	7	1	9	1	70	62	19	6	30	5	8	5	3	13	2	22	11	22	38	20	3	18	8	3	27	10	15	33
Sample-26	4	134	58	61	29	7	30	21	36	30	21	9	21	25	17	12	31	32	25	35	23	5	23	23	62	20	54	65	26	12	41	40	18	13	38	48	16	76	44	37	43	15	3	10	5	61	39	71	37	27	39	34	45	47	13	5	11	14	59	29	22	43	42	44	75	37	19	4	12	2	19	4	110	27	38	9	40	16	11	9	12	50	6	42	12	12	66	29	12	37	17	3	32	4	14	47
Sample-27	2	89	29	41	10	2	7	0	10	5	7	3	3	6	5	1	10	7	14	15	6	1	9	5	26	8	1	29	8	4	22	11	5	2	17	30	5	22	16	8	23	1	0	6	1	26	14	27	6	6	11	10	12	11	2	2	0	4	18	3	7	10	5	14	30	6	10	1	3	1	10	0	63	7	12	1	11	2	3	1	4	33	4	11	4	2	25	8	6	14	6	3	14	1	4	23
Sample-28	1	63	41	32	14	1	9	11	19	8	18	5	12	15	2	9	10	9	11	35	17	4	13	10	29	13	33	30	20	12	18	31	5	11	7	25	9	50	22	21	36	6	0	6	2	42	19	34	14	10	12	15	12	23	3	4	4	5	35	15	12	29	14	22	50	16	15	3	7	2	12	1	37	28	15	4	21	1	3	7	6	27	7	19	8	4	26	10	4	10	4	4	15	3	11	26
Sample-29	3	89	36	52	6	1	14	3	16	11	12	3	4	11	3	1	15	16	14	25	7	1	18	13	34	8	2	38	18	1	17	17	4	2	14	34	8	28	14	16	23	4	1	2	5	27	8	38	20	6	24	17	16	27	4	5	2	3	38	9	8	14	9	21	42	11	9	1	8	2	5	3	48	5	19	1	16	5	3	1	3	29	5	14	2	5	24	10	9	10	8	3	14	2	8	25
Sample-30	6	289	95	136	46	7	31	17	75	29	39	17	29	32	13	6	46	51	35	81	30	4	40	39	108	43	21	118	56	12	59	65	16	16	40	114	27	131	57	46	117	18	4	21	16	125	36	79	82	13	35	59	71	90	18	9	14	25	90	37	51	82	65	60	142	51	28	5	24	4	44	7	218	29	66	4	35	22	19	10	18	79	16	53	22	13	99	42	23	26	32	9	68	7	16	71
